province,city,english,registered_pop_10k,taxi_vehicles,taxi_per_10k,bus_vehicles,bus_passenger_10k,data_year,source
北京市,北京市,Beijing,1428,70230,49.181,23465,172558,2022,中国城市统计年鉴2023表2-30
天津市,天津市,Tianjin,1161,31779,27.373,11653,44546,2022,中国城市统计年鉴2023表2-30
上海市,上海市,Shanghai,1504,27500,18.284,17305,81900,2022,中国城市统计年鉴2023表2-30
重庆市,重庆市,Chongqing,3414,,,,,2022,中国城市统计年鉴2023表2-30
河北省,石家庄市,Shijiazhuang,1054,7833,7.432,4965,14370,2022,中国城市统计年鉴2023表2-30
河北省,唐山市,Tangshan,751,4983,6.635,2430,8134,2022,中国城市统计年鉴2023表2-30
河北省,秦皇岛市,Qinhuangdao,300,3815,12.717,1327,3073,2022,中国城市统计年鉴2023表2-30
河北省,邯郸市,Handan,1064,4261,4.005,2545,5783,2022,中国城市统计年鉴2023表2-30
河北省,邢台市,Xingtai,802,2999,3.739,1408,2741,2022,中国城市统计年鉴2023表2-30
河北省,保定市,Baoding,1211,3728,3.078,1436,4080,2022,中国城市统计年鉴2023表2-30
河北省,张家口市,Zhangjiakou,457,4237,9.271,1502,6066,2022,中国城市统计年鉴2023表2-30
河北省,承德市,Chengde,379,2469,6.515,735,5440,2022,中国城市统计年鉴2023表2-30
河北省,沧州市,Cangzhou,781,2066,2.645,1393,2797,2022,中国城市统计年鉴2023表2-30
河北省,廊坊市,Langfang,496,,,861,886,2022,中国城市统计年鉴2023表2-30
河北省,衡水市,Hengshui,460,1324,2.878,991,2321,2022,中国城市统计年鉴2023表2-30
山西省,太原市,Taiyuan,400,8292,20.73,2533,18800,2022,中国城市统计年鉴2023表2-30
山西省,大同市,Datong,316,5261,16.649,1379,12386,2022,中国城市统计年鉴2023表2-30
山西省,阳泉市,Yangquan,131,1885,14.389,747,8655,2022,中国城市统计年鉴2023表2-30
山西省,长治市,Changzhi,339,2229,6.575,927,6922,2022,中国城市统计年鉴2023表2-30
山西省,晋城市,Jincheng,222,1453,6.545,562,2521,2022,中国城市统计年鉴2023表2-30
山西省,朔州市,Shuozhou,162,2224,13.728,213,684,2022,中国城市统计年鉴2023表2-30
山西省,晋中市,Jinzhong,336,1180,3.512,628,1037,2022,中国城市统计年鉴2023表2-30
山西省,运城市,Yuncheng,513,1801,3.511,807,2153,2022,中国城市统计年鉴2023表2-30
山西省,忻州市,Xinzhou,304,712,2.342,230,812,2022,中国城市统计年鉴2023表2-30
山西省,临汾市,Linfen,428,1862,4.35,600,3773,2022,中国城市统计年鉴2023表2-30
山西省,吕梁市,Lvliang,392,453,1.156,465,1211,2022,中国城市统计年鉴2023表2-30
内蒙古自治区,呼和浩特市,Hohhot,258,6568,25.457,2750,12164,2022,中国城市统计年鉴2023表2-30
内蒙古自治区,包头市,Baotou,224,6311,28.174,1241,7747,2022,中国城市统计年鉴2023表2-30
内蒙古自治区,乌海市,Wuhai,44,1127,25.614,230,1183,2022,中国城市统计年鉴2023表2-30
内蒙古自治区,赤峰市,Chifeng,454,3873,8.531,667,4144,2022,中国城市统计年鉴2023表2-30
内蒙古自治区,通辽市,Tongliao,315,2859,9.076,478,4484,2022,中国城市统计年鉴2023表2-30
内蒙古自治区,鄂尔多斯市,Erdos,166,2610,15.723,630,3024,2022,中国城市统计年鉴2023表2-30
内蒙古自治区,呼伦贝尔市,Hulunbuir,248,2432,9.806,214,1378,2022,中国城市统计年鉴2023表2-30
内蒙古自治区,巴彦淖尔市,Bayannur,171,1238,7.24,231,554,2022,中国城市统计年鉴2023表2-30
内蒙古自治区,乌兰察布市,Ulanqab,261,2176,8.337,477,3133,2022,中国城市统计年鉴2023表2-30
辽宁省,沈阳市,Shenyang,765,20096,26.269,5492,38000,2022,中国城市统计年鉴2023表2-30
辽宁省,大连市,Dalian,609,11776,19.337,5118,54535,2022,中国城市统计年鉴2023表2-30
辽宁省,鞍山市,Anshan,331,5375,16.239,1677,13201,2022,中国城市统计年鉴2023表2-30
辽宁省,抚顺市,Fushun,199,4093,20.568,867,11977,2022,中国城市统计年鉴2023表2-30
辽宁省,本溪市,Benxi,140,2834,20.243,659,11068,2022,中国城市统计年鉴2023表2-30
辽宁省,丹东市,Dandong,227,1932,8.511,660,4382,2022,中国城市统计年鉴2023表2-30
辽宁省,锦州市,Jinzhou,286,4018,14.049,783,4160,2022,中国城市统计年鉴2023表2-30
辽宁省,营口市,Yingkou,227,3093,13.626,825,3197,2022,中国城市统计年鉴2023表2-30
辽宁省,阜新市,Fuxin,179,2867,16.017,481,2139,2022,中国城市统计年鉴2023表2-30
辽宁省,辽阳市,Liaoyang,170,2611,15.359,587,3477,2022,中国城市统计年鉴2023表2-30
辽宁省,盘锦市,Panjin,129,3281,25.434,1096,3643,2022,中国城市统计年鉴2023表2-30
辽宁省,铁岭市,Tieling,281,2249,8.004,213,1229,2022,中国城市统计年鉴2023表2-30
辽宁省,朝阳市,Chaoyang,326,1968,6.037,218,1885,2022,中国城市统计年鉴2023表2-30
辽宁省,葫芦岛市,Huludao,270,3051,11.3,591,2780,2022,中国城市统计年鉴2023表2-30
吉林省,长春市,Changchun,851,18535,21.78,4566,29668,2022,中国城市统计年鉴2023表2-30
吉林省,吉林市,Jilin,400,4452,11.13,1311,10234,2022,中国城市统计年鉴2023表2-30
吉林省,四平市,Siping,209,2975,14.234,342,1456,2022,中国城市统计年鉴2023表2-30
吉林省,辽源市,Liaoyuan,113,1201,10.628,382,1807,2022,中国城市统计年鉴2023表2-30
吉林省,通化市,Tonghua,209,1504,7.196,309,3477,2022,中国城市统计年鉴2023表2-30
吉林省,白山市,Baishan,112,707,6.312,363,1107,2022,中国城市统计年鉴2023表2-30
吉林省,松原市,Songyuan,271,2177,8.033,220,2313,2022,中国城市统计年鉴2023表2-30
吉林省,白城市,Baicheng,183,1815,9.918,126,375,2022,中国城市统计年鉴2023表2-30
黑龙江省,哈尔滨市,Harbin,940,17021,18.107,7428,45634,2022,中国城市统计年鉴2023表2-30
黑龙江省,齐齐哈尔市,Qiqihar,513,2318,4.519,1071,2948,2022,中国城市统计年鉴2023表2-30
黑龙江省,鸡西市,Jixi,163,2915,17.883,580,5490,2022,中国城市统计年鉴2023表2-30
黑龙江省,鹤岗市,Hegang,95,2037,21.442,482,7229,2022,中国城市统计年鉴2023表2-30
黑龙江省,双鸭山市,Shuangyashan,136,1100,8.088,424,3491,2022,中国城市统计年鉴2023表2-30
黑龙江省,大庆市,Daqing,263,364,1.384,2122,5293,2022,中国城市统计年鉴2023表2-30
黑龙江省,伊春市,Yichun,107,1928,18.019,271,2504,2022,中国城市统计年鉴2023表2-30
黑龙江省,佳木斯市,Jiamusi,226,2650,11.726,433,7721,2022,中国城市统计年鉴2023表2-30
黑龙江省,七台河市,Qitaihe,74,1005,13.581,495,5855,2022,中国城市统计年鉴2023表2-30
黑龙江省,牡丹江市,Mudanjiang,241,2852,11.834,682,7516,2022,中国城市统计年鉴2023表2-30
黑龙江省,黑河市,Heihe,152,968,6.368,85,316,2022,中国城市统计年鉴2023表2-30
黑龙江省,绥化市,Suihua,508,2334,4.594,371,973,2022,中国城市统计年鉴2023表2-30
江苏省,南京市,Nanjing,739,10003,13.536,8314,47853,2022,中国城市统计年鉴2023表2-30
江苏省,无锡市,Wuxi,519,4040,7.784,3007,13218,2022,中国城市统计年鉴2023表2-30
江苏省,徐州市,Xuzhou,1032,3707,3.592,2526,4497,2022,中国城市统计年鉴2023表2-30
江苏省,常州市,Changzhou,389,3319,8.532,2700,8635,2022,中国城市统计年鉴2023表2-30
江苏省,苏州市,Suzhou,775,5638,7.275,6016,19934,2022,中国城市统计年鉴2023表2-30
江苏省,南通市,Nantong,747,1869,2.502,2587,6481,2022,中国城市统计年鉴2023表2-30
江苏省,连云港市,Lianyungang,531,1336,2.516,1114,3870,2022,中国城市统计年鉴2023表2-30
江苏省,淮安市,Huai'an,551,1373,2.492,1659,8348,2022,中国城市统计年鉴2023表2-30
江苏省,盐城市,Yancheng,797,1494,1.875,1919,10893,2022,中国城市统计年鉴2023表2-30
江苏省,扬州市,Yangzhou,448,2461,5.493,2001,5036,2022,中国城市统计年鉴2023表2-30
江苏省,镇江市,Zhenjiang,267,1623,6.079,1416,5495,2022,中国城市统计年鉴2023表2-30
江苏省,泰州市,Taizhou,488,706,1.447,1429,9107,2022,中国城市统计年鉴2023表2-30
江苏省,宿迁市,Suqian,588,2025,3.444,1211,5248,2022,中国城市统计年鉴2023表2-30
浙江省,杭州市,Hangzhou,847,14130,16.682,10174,47830,2022,中国城市统计年鉴2023表2-30
浙江省,宁波市,Ningbo,621,4755,7.657,6130,22129,2022,中国城市统计年鉴2023表2-30
浙江省,温州市,Wenzhou,832,3981,4.785,2581,14295,2022,中国城市统计年鉴2023表2-30
浙江省,嘉兴市,Jiaxing,375,1073,2.861,1262,3276,2022,中国城市统计年鉴2023表2-30
浙江省,湖州市,Huzhou,269,975,3.625,1075,5907,2022,中国城市统计年鉴2023表2-30
浙江省,绍兴市,Shaoxing,446,1746,3.915,2302,9542,2022,中国城市统计年鉴2023表2-30
浙江省,金华市,Jinhua,497,824,1.658,975,5244,2022,中国城市统计年鉴2023表2-30
浙江省,衢州市,Quzhou,255,521,2.043,305,1922,2022,中国城市统计年鉴2023表2-30
浙江省,舟山市,Zhoushan,95,863,9.084,736,5194,2022,中国城市统计年鉴2023表2-30
浙江省,台州市,Taizhou,605,1920,3.174,1646,6034,2022,中国城市统计年鉴2023表2-30
浙江省,丽水市,Lishui,269,409,1.52,645,2642,2022,中国城市统计年鉴2023表2-30
安徽省,合肥市,Hefei,800,9402,11.752,4317,28812,2022,中国城市统计年鉴2023表2-30
安徽省,芜湖市,Wuhu,387,4289,11.083,1559,7992,2022,中国城市统计年鉴2023表2-30
安徽省,蚌埠市,Bengbu,387,2393,6.183,1115,6870,2022,中国城市统计年鉴2023表2-30
安徽省,淮南市,Huainan,388,3132,8.072,1279,4596,2022,中国城市统计年鉴2023表2-30
安徽省,马鞍山市,Ma'anshan,227,2348,10.344,758,3087,2022,中国城市统计年鉴2023表2-30
安徽省,淮北市,Huaibei,218,1629,7.472,571,2447,2022,中国城市统计年鉴2023表2-30
安徽省,铜陵市,Tongling,168,1584,9.429,715,3651,2022,中国城市统计年鉴2023表2-30
安徽省,安庆市,Anqing,523,1871,3.577,546,3149,2022,中国城市统计年鉴2023表2-30
安徽省,黄山市,Huangshan,147,605,4.116,238,980,2022,中国城市统计年鉴2023表2-30
安徽省,滁州市,Chuzhou,454,1257,2.769,606,2878,2022,中国城市统计年鉴2023表2-30
安徽省,阜阳市,Fuyang,1075,1788,1.663,787,2170,2022,中国城市统计年鉴2023表2-30
安徽省,宿州市,Suzhou,659,1678,2.546,745,1714,2022,中国城市统计年鉴2023表2-30
安徽省,六安市,Lu'an,582,2007,3.448,,3922,2022,中国城市统计年鉴2023表2-30
安徽省,亳州市,Bozhou,671,1148,1.711,777,2014,2022,中国城市统计年鉴2023表2-30
安徽省,池州市,Chizhou,160,600,3.75,396,1159,2022,中国城市统计年鉴2023表2-30
安徽省,宣城市,Xuancheng,276,997,3.612,789,2457,2022,中国城市统计年鉴2023表2-30
福建省,福州市,Fuzhou,729,6893,9.455,5100,28522,2022,中国城市统计年鉴2023表2-30
福建省,厦门市,Xiamen,293,5242,17.891,4076,53140,2022,中国城市统计年鉴2023表2-30
福建省,莆田市,Putian,367,1017,2.771,1081,3122,2022,中国城市统计年鉴2023表2-30
福建省,三明市,Sanming,286,439,1.535,481,7363,2022,中国城市统计年鉴2023表2-30
福建省,泉州市,Quanzhou,774,1465,1.893,1488,4420,2022,中国城市统计年鉴2023表2-30
福建省,漳州市,Zhangzhou,527,884,1.677,903,4314,2022,中国城市统计年鉴2023表2-30
福建省,南平市,Nanping,314,568,1.809,431,5217,2022,中国城市统计年鉴2023表2-30
福建省,龙岩市,Longyan,316,192,0.608,561,4981,2022,中国城市统计年鉴2023表2-30
福建省,宁德市,Ningde,355,1120,3.155,428,3275,2022,中国城市统计年鉴2023表2-30
江西省,南昌市,Nanchang,544,5453,10.024,3773,13000,2022,中国城市统计年鉴2023表2-30
江西省,景德镇市,Jingdezhen,172,167,0.971,526,2600,2022,中国城市统计年鉴2023表2-30
江西省,萍乡市,Pingxiang,199,700,3.518,769,7530,2022,中国城市统计年鉴2023表2-30
江西省,九江市,Jiujiang,522,1539,2.948,738,5058,2022,中国城市统计年鉴2023表2-30
江西省,新余市,Xinyu,124,531,4.282,368,1994,2022,中国城市统计年鉴2023表2-30
江西省,鹰潭市,Yingtan,129,312,2.419,211,1183,2022,中国城市统计年鉴2023表2-30
江西省,赣州市,Ganzhou,986,984,0.998,890,3212,2022,中国城市统计年鉴2023表2-30
江西省,吉安市,Ji'an,539,393,0.729,558,4202,2022,中国城市统计年鉴2023表2-30
江西省,宜春市,Yichun,600,512,0.853,555,2946,2022,中国城市统计年鉴2023表2-30
江西省,抚州市,Fuzhou,431,1196,2.775,443,1923,2022,中国城市统计年鉴2023表2-30
江西省,上饶市,Shangrao,790,625,0.791,662,2134,2022,中国城市统计年鉴2023表2-30
山东省,济南市,Jinan,820,10318,12.583,7425,40229,2022,中国城市统计年鉴2023表2-30
山东省,青岛市,Qingdao,851,10478,12.313,8372,63528,2022,中国城市统计年鉴2023表2-30
山东省,淄博市,Zibo,431,6110,14.176,2589,,2022,中国城市统计年鉴2023表2-30
山东省,枣庄市,Zaozhuang,422,834,1.976,1453,2334,2022,中国城市统计年鉴2023表2-30
山东省,东营市,Dongying,198,3102,15.667,1126,2975,2022,中国城市统计年鉴2023表2-30
山东省,烟台市,Yantai,645,2991,4.637,2953,17717,2022,中国城市统计年鉴2023表2-30
山东省,潍坊市,Weifang,918,2347,2.557,1804,5002,2022,中国城市统计年鉴2023表2-30
山东省,济宁市,Jining,888,2060,2.32,2937,10315,2022,中国城市统计年鉴2023表2-30
山东省,泰安市,Tai'an,565,1292,2.287,2360,4141,2022,中国城市统计年鉴2023表2-30
山东省,威海市,Weihai,255,1871,7.337,1580,8740,2022,中国城市统计年鉴2023表2-30
山东省,日照市,Rizhao,308,1424,4.623,1056,4338,2022,中国城市统计年鉴2023表2-30
山东省,临沂市,Linyi,1196,2750,2.299,1994,6279,2022,中国城市统计年鉴2023表2-30
山东省,德州市,Dezhou,592,2525,4.265,1306,2365,2022,中国城市统计年鉴2023表2-30
山东省,聊城市,Liaocheng,642,1431,2.229,1302,3390,2022,中国城市统计年鉴2023表2-30
山东省,滨州市,Binzhou,395,720,1.823,530,827,2022,中国城市统计年鉴2023表2-30
山东省,菏泽市,Heze,1021,1668,1.634,2044,2502,2022,中国城市统计年鉴2023表2-30
河南省,郑州市,Zhengzhou,922,11875,12.88,6717,33515,2022,中国城市统计年鉴2023表2-30
河南省,开封市,Kaifeng,563,2636,4.682,882,2338,2022,中国城市统计年鉴2023表2-30
河南省,洛阳市,Luoyang,754,4227,5.606,2893,9556,2022,中国城市统计年鉴2023表2-30
河南省,平顶山市,Pingdingshan,570,2000,3.509,844,3062,2022,中国城市统计年鉴2023表2-30
河南省,安阳市,Anyang,631,1359,2.154,853,2590,2022,中国城市统计年鉴2023表2-30
河南省,鹤壁市,Hebi,172,674,3.919,592,1347,2022,中国城市统计年鉴2023表2-30
河南省,新乡市,Xinxiang,669,1744,2.607,1115,3512,2022,中国城市统计年鉴2023表2-30
河南省,焦作市,Jiaozuo,371,1398,3.768,942,3425,2022,中国城市统计年鉴2023表2-30
河南省,濮阳市,Puyang,434,1745,4.021,688,1586,2022,中国城市统计年鉴2023表2-30
河南省,许昌市,Xuchang,513,1281,2.497,1004,1749,2022,中国城市统计年鉴2023表2-30
河南省,漯河市,Luohe,266,1100,4.135,820,1688,2022,中国城市统计年鉴2023表2-30
河南省,三门峡市,Sanmenxia,225,600,2.667,581,3356,2022,中国城市统计年鉴2023表2-30
河南省,南阳市,Nanyang,1230,1800,1.463,1355,5582,2022,中国城市统计年鉴2023表2-30
河南省,商丘市,Shangqiu,1014,2875,2.835,1991,4300,2022,中国城市统计年鉴2023表2-30
河南省,信阳市,Xinyang,906,1850,2.042,643,1579,2022,中国城市统计年鉴2023表2-30
河南省,周口市,Zhoukou,1257,1195,0.951,920,660,2022,中国城市统计年鉴2023表2-30
河南省,驻马店市,Zhumadian,966,1548,1.602,917,2113,2022,中国城市统计年鉴2023表2-30
湖北省,武汉市,Wuhan,944,18407,19.499,9943,58662,2022,中国城市统计年鉴2023表2-30
湖北省,黄石市,Huangshi,273,1022,3.744,918,9370,2022,中国城市统计年鉴2023表2-30
湖北省,十堰市,Shiyan,339,1037,3.059,1215,15013,2022,中国城市统计年鉴2023表2-30
湖北省,宜昌市,Yichang,387,1892,4.889,846,9652,2022,中国城市统计年鉴2023表2-30
湖北省,襄阳市,Xiangyang,585,2190,3.744,1583,17474,2022,中国城市统计年鉴2023表2-30
湖北省,鄂州市,Ezhou,110,520,4.727,405,1745,2022,中国城市统计年鉴2023表2-30
湖北省,荆门市,Jingmen,284,800,2.817,653,5048,2022,中国城市统计年鉴2023表2-30
湖北省,孝感市,Xiaogan,500,866,1.732,432,1480,2022,中国城市统计年鉴2023表2-30
湖北省,荆州市,Jingzhou,625,1988,3.181,911,6602,2022,中国城市统计年鉴2023表2-30
湖北省,黄冈市,Huanggang,722,693,0.96,290,925,2022,中国城市统计年鉴2023表2-30
湖北省,咸宁市,Xianning,304,656,2.158,344,1216,2022,中国城市统计年鉴2023表2-30
湖北省,随州市,Suizhou,243,547,2.251,376,1323,2022,中国城市统计年鉴2023表2-30
湖南省,长沙市,Changsha,768,8156,10.62,9712,38003,2022,中国城市统计年鉴2023表2-30
湖南省,株洲市,Zhuzhou,394,2435,6.18,1535,10349,2022,中国城市统计年鉴2023表2-30
湖南省,湘潭市,Xiangtan,280,47,0.168,1109,7360,2022,中国城市统计年鉴2023表2-30
湖南省,衡阳市,Hengyang,778,701,0.901,1318,6933,2022,中国城市统计年鉴2023表2-30
湖南省,邵阳市,Shaoyang,812,994,1.224,757,4465,2022,中国城市统计年鉴2023表2-30
湖南省,岳阳市,Yueyang,558,1812,3.247,1115,8623,2022,中国城市统计年鉴2023表2-30
湖南省,常德市,Changde,587,1116,1.901,872,5275,2022,中国城市统计年鉴2023表2-30
湖南省,张家界市,Zhangjiajie,167,912,5.461,447,4401,2022,中国城市统计年鉴2023表2-30
湖南省,益阳市,Yiyang,458,867,1.893,1428,5478,2022,中国城市统计年鉴2023表2-30
湖南省,郴州市,Chenzhou,525,1295,2.467,1237,9951,2022,中国城市统计年鉴2023表2-30
湖南省,永州市,Yongzhou,629,735,1.169,766,8596,2022,中国城市统计年鉴2023表2-30
湖南省,怀化市,Huaihua,517,800,1.547,348,3494,2022,中国城市统计年鉴2023表2-30
湖南省,娄底市,Loudi,447,948,2.121,423,5040,2022,中国城市统计年鉴2023表2-30
广东省,广州市,Guangzhou,1035,19720,19.053,15046,102138,2022,中国城市统计年鉴2023表2-30
广东省,韶关市,Shaoguan,337,150,0.445,503,2579,2022,中国城市统计年鉴2023表2-30
广东省,深圳市,Shenzhen,658,19602,29.79,35533,75611,2022,中国城市统计年鉴2023表2-30
广东省,珠海市,Zhuhai,155,3219,20.768,2528,24754,2022,中国城市统计年鉴2023表2-30
广东省,汕头市,Shantou,579,879,1.518,2301,10817,2022,中国城市统计年鉴2023表2-30
广东省,佛山市,Foshan,495,1310,2.646,6772,26170,2022,中国城市统计年鉴2023表2-30
广东省,江门市,Jiangmen,403,122,0.303,1257,5123,2022,中国城市统计年鉴2023表2-30
广东省,湛江市,Zhanjiang,869,481,0.554,853,2424,2022,中国城市统计年鉴2023表2-30
广东省,茂名市,Maoming,826,550,0.666,680,1205,2022,中国城市统计年鉴2023表2-30
广东省,肇庆市,Zhaoqing,458,147,0.321,833,4858,2022,中国城市统计年鉴2023表2-30
广东省,惠州市,Huizhou,416,1215,2.921,2159,10364,2022,中国城市统计年鉴2023表2-30
广东省,梅州市,Meizhou,539,50,0.093,1384,4950,2022,中国城市统计年鉴2023表2-30
广东省,汕尾市,Shanwei,356,80,0.225,460,1862,2022,中国城市统计年鉴2023表2-30
广东省,河源市,Heyuan,371,202,0.544,250,804,2022,中国城市统计年鉴2023表2-30
广东省,阳江市,Yangjiang,303,50,0.165,258,379,2022,中国城市统计年鉴2023表2-30
广东省,清远市,Qingyuan,454,347,0.764,547,1892,2022,中国城市统计年鉴2023表2-30
广东省,东莞市,Dongguan,292,,,,,2022,中国城市统计年鉴2023表2-30
广东省,中山市,Zhongshan,208,,,,,2022,中国城市统计年鉴2023表2-30
广东省,潮州市,Chaozhou,275,204,0.742,262,,2022,中国城市统计年鉴2023表2-30
广东省,揭阳市,Jieyang,713,102,0.143,522,2244,2022,中国城市统计年鉴2023表2-30
广东省,云浮市,Yunfu,301,116,0.385,136,311,2022,中国城市统计年鉴2023表2-30
广西壮族自治区,南宁市,Nanning,810,5415,6.685,3433,17954,2022,中国城市统计年鉴2023表2-30
广西壮族自治区,柳州市,Liuzhou,398,2692,6.764,1293,9672,2022,中国城市统计年鉴2023表2-30
广西壮族自治区,桂林市,Guilin,541,2703,4.996,800,10520,2022,中国城市统计年鉴2023表2-30
广西壮族自治区,梧州市,Wuzhou,355,612,1.724,595,4693,2022,中国城市统计年鉴2023表2-30
广西壮族自治区,北海市,Beihai,183,468,2.557,454,234,2022,中国城市统计年鉴2023表2-30
广西壮族自治区,防城港市,Fangchenggang,102,315,3.088,151,255,2022,中国城市统计年鉴2023表2-30
广西壮族自治区,钦州市,Qinzhou,420,369,0.879,159,434,2022,中国城市统计年鉴2023表2-30
广西壮族自治区,贵港市,Guigang,565,604,1.069,474,707,2022,中国城市统计年鉴2023表2-30
广西壮族自治区,玉林市,Yulin,744,406,0.546,231,1417,2022,中国城市统计年鉴2023表2-30
广西壮族自治区,百色市,Baise,423,320,0.757,218,513,2022,中国城市统计年鉴2023表2-30
广西壮族自治区,贺州市,Hezhou,250,194,0.776,279,955,2022,中国城市统计年鉴2023表2-30
广西壮族自治区,河池市,Hechi,433,475,1.097,227,1618,2022,中国城市统计年鉴2023表2-30
广西壮族自治区,来宾市,Laibin,268,494,1.843,317,805,2022,中国城市统计年鉴2023表2-30
广西壮族自治区,崇左市,Chongzuo,251,66,0.263,90,103,2022,中国城市统计年鉴2023表2-30
海南省,海口市,Haikou,221,2198,9.946,2055,5932,2022,中国城市统计年鉴2023表2-30
海南省,三亚市,Sanya,73,2412,33.041,1000,1929,2022,中国城市统计年鉴2023表2-30
海南省,三沙市,Sansha,0,,,,,2022,中国城市统计年鉴2023表2-30
海南省,儋州市,Danzhou,108,,,,,2022,中国城市统计年鉴2023表2-30
四川省,成都市,Chengdu,1572,13999,8.905,14778,89344,2022,中国城市统计年鉴2023表2-30
四川省,自贡市,Zigong,314,1108,3.529,855,18538,2022,中国城市统计年鉴2023表2-30
四川省,攀枝花市,Panzhihua,107,1416,13.234,659,7927,2022,中国城市统计年鉴2023表2-30
四川省,泸州市,Luzhou,504,1574,3.123,1392,15457,2022,中国城市统计年鉴2023表2-30
四川省,德阳市,Deyang,378,892,2.36,498,3093,2022,中国城市统计年鉴2023表2-30
四川省,绵阳市,Mianyang,526,2437,4.633,1454,12206,2022,中国城市统计年鉴2023表2-30
四川省,广元市,Guangyuan,293,567,1.935,398,3197,2022,中国城市统计年鉴2023表2-30
四川省,遂宁市,Suining,354,769,2.172,300,4431,2022,中国城市统计年鉴2023表2-30
四川省,内江市,Neijiang,399,,,630,,2022,中国城市统计年鉴2023表2-30
四川省,乐山市,Leshan,346,1076,3.11,674,5812,2022,中国城市统计年鉴2023表2-30
四川省,南充市,Nanchong,709,1207,1.702,677,9698,2022,中国城市统计年鉴2023表2-30
四川省,眉山市,Meishan,339,600,1.77,566,3184,2022,中国城市统计年鉴2023表2-30
四川省,宜宾市,Yibin,548,1448,2.642,1029,11211,2022,中国城市统计年鉴2023表2-30
四川省,广安市,Guang'an,449,464,1.033,177,,2022,中国城市统计年鉴2023表2-30
四川省,达州市,Dazhou,644,2129,3.306,871,9780,2022,中国城市统计年鉴2023表2-30
四川省,雅安市,Ya'an,152,481,3.164,166,1579,2022,中国城市统计年鉴2023表2-30
四川省,巴中市,Bazhong,359,901,2.51,282,3089,2022,中国城市统计年鉴2023表2-30
四川省,资阳市,Ziyang,333,438,1.315,242,1792,2022,中国城市统计年鉴2023表2-30
贵州省,贵阳市,Guiyang,450,16505,36.678,3177,29526,2022,中国城市统计年鉴2023表2-30
贵州省,六盘水市,Liupanshui,361,1348,3.734,697,14800,2022,中国城市统计年鉴2023表2-30
贵州省,遵义市,Zunyi,826,3924,4.751,1277,15693,2022,中国城市统计年鉴2023表2-30
贵州省,安顺市,Anshun,305,1200,3.934,532,4437,2022,中国城市统计年鉴2023表2-30
贵州省,毕节市,Bijie,950,1781,1.875,400,5854,2022,中国城市统计年鉴2023表2-30
贵州省,铜仁市,Tongren,449,1153,2.568,205,1799,2022,中国城市统计年鉴2023表2-30
云南省,昆明市,Kunming,594,9637,16.224,5957,34524,2022,中国城市统计年鉴2023表2-30
云南省,曲靖市,Qujing,674,1719,2.55,607,6291,2022,中国城市统计年鉴2023表2-30
云南省,玉溪市,Yuxi,222,485,2.185,262,2215,2022,中国城市统计年鉴2023表2-30
云南省,保山市,Baoshan,265,450,1.698,273,730,2022,中国城市统计年鉴2023表2-30
云南省,昭通市,Zhaotong,634,581,0.916,307,2560,2022,中国城市统计年鉴2023表2-30
云南省,丽江市,Lijiang,124,776,6.258,442,1367,2022,中国城市统计年鉴2023表2-30
云南省,普洱市,Pu'er,254,489,1.925,98,698,2022,中国城市统计年鉴2023表2-30
云南省,临沧市,Lincang,242,1273,5.26,173,608,2022,中国城市统计年鉴2023表2-30
西藏自治区,拉萨市,Lhasa,58,1144,19.724,576,4291,2022,中国城市统计年鉴2023表2-30
西藏自治区,日喀则市,Xigaze,82,201,2.451,125,275,2022,中国城市统计年鉴2023表2-30
西藏自治区,昌都市,Qamdo,79,140,1.772,54,178,2022,中国城市统计年鉴2023表2-30
西藏自治区,林芝市,Nyingchi,21,120,5.714,24,65,2022,中国城市统计年鉴2023表2-30
西藏自治区,山南市,Lhoka,36,,,40,,2022,中国城市统计年鉴2023表2-30
西藏自治区,那曲市,Nagqu,57,160,2.807,18,37,2022,中国城市统计年鉴2023表2-30
陕西省,西安市,Xi'an,1015,15457,15.229,9272,57495,2022,中国城市统计年鉴2023表2-30
陕西省,铜川市,Tongchuan,78,1124,14.41,385,2255,2022,中国城市统计年鉴2023表2-30
陕西省,宝鸡市,Baoji,373,2204,5.909,1326,14968,2022,中国城市统计年鉴2023表2-30
陕西省,咸阳市,Xianyang,453,1719,3.795,712,7853,2022,中国城市统计年鉴2023表2-30
陕西省,渭南市,Weinan,536,901,1.681,462,1925,2022,中国城市统计年鉴2023表2-30
陕西省,延安市,Yan'an,233,1180,5.064,563,6722,2022,中国城市统计年鉴2023表2-30
陕西省,汉中市,Hanzhong,379,692,1.826,521,2359,2022,中国城市统计年鉴2023表2-30
陕西省,榆林市,Yulin,386,3962,10.264,1083,12137,2022,中国城市统计年鉴2023表2-30
陕西省,安康市,Ankang,302,857,2.838,271,2790,2022,中国城市统计年鉴2023表2-30
陕西省,商洛市,Shangluo,248,319,1.286,111,260,2022,中国城市统计年鉴2023表2-30
甘肃省,兰州市,Lanzhou,337,10416,30.908,3078,35302,2022,中国城市统计年鉴2023表2-30
甘肃省,嘉峪关市,Jiayuguan,21,,,,,2022,中国城市统计年鉴2023表2-30
甘肃省,金昌市,Jinchang,44,983,22.341,166,1093,2022,中国城市统计年鉴2023表2-30
甘肃省,白银市,Baiyin,180,2069,11.494,315,3412,2022,中国城市统计年鉴2023表2-30
甘肃省,天水市,Tianshui,371,1594,4.296,664,8837,2022,中国城市统计年鉴2023表2-30
甘肃省,武威市,Wuwei,186,1340,7.204,430,3256,2022,中国城市统计年鉴2023表2-30
甘肃省,张掖市,Zhangye,130,1176,9.046,189,1092,2022,中国城市统计年鉴2023表2-30
甘肃省,平凉市,Pingliang,231,916,3.965,194,4416,2022,中国城市统计年鉴2023表2-30
甘肃省,酒泉市,Jiuquan,101,704,6.97,347,335,2022,中国城市统计年鉴2023表2-30
甘肃省,庆阳市,Qingyang,269,1079,4.011,200,1844,2022,中国城市统计年鉴2023表2-30
甘肃省,定西市,Dingxi,302,1212,4.013,235,52,2022,中国城市统计年鉴2023表2-30
甘肃省,陇南市,Longnan,282,676,2.397,140,332,2022,中国城市统计年鉴2023表2-30
青海省,西宁市,Xining,214,5686,26.57,1981,17185,2022,中国城市统计年鉴2023表2-30
青海省,海东市,Haidong,173,710,4.104,299,498,2022,中国城市统计年鉴2023表2-30
宁夏回族自治区,银川市,Yinchuan,215,5562,25.87,2024,15449,2022,中国城市统计年鉴2023表2-30
宁夏回族自治区,石嘴山市,Shizuishan,74,2268,30.649,230,897,2022,中国城市统计年鉴2023表2-30
宁夏回族自治区,吴忠市,Wuzhong,144,1042,7.236,220,1639,2022,中国城市统计年鉴2023表2-30
宁夏回族自治区,固原市,Guyuan,146,2623,17.966,120,1311,2022,中国城市统计年鉴2023表2-30
宁夏回族自治区,中卫市,Zhongwei,122,939,7.697,354,605,2022,中国城市统计年鉴2023表2-30
新疆维吾尔自治区,乌鲁木齐市,Urumqi,239,13138,54.971,4503,30054,2022,中国城市统计年鉴2023表2-30
新疆维吾尔自治区,克拉玛依市,Karamay,32,1523,47.594,483,2105,2022,中国城市统计年鉴2023表2-30
新疆维吾尔自治区,吐鲁番市,Turpan,62,763,12.306,20,423,2022,中国城市统计年鉴2023表2-30
新疆维吾尔自治区,哈密市,Hami,,1088,,277,,2022,中国城市统计年鉴2023表2-30
