省份,城市,共享单车,共享电单车,公开量化信息,运营商或治理信息,数据时点,来源编号,证据等级
北京,北京,有,有限试点,2024H2日均骑行353.41万人次；车均周转3.57次,美团/青桔/哈啰纳入公开运营考核；2026-2029备案后由各区确定具体投放,2024-2026,5;7;46,A
上海,上海,有,政策不发展,2024-2025调查在线车超100万辆；日均约277万车次,总量控制和动态调节,2026,5;9;10,A
广东,广州,有,无,2025-2028适宜规模30-48万辆；中心六区22-36万辆,总量评估和配额管理,2025,8,A
广东,深圳,有,无,报告未披露统一实时车数,超大城市共享单车治理,2024,5,B
陕西,西安,有,无,报告未披露统一实时车数,仅共享单车样本城市,2024,5,B
黑龙江,哈尔滨,有,无,报告未披露统一实时车数,季节性运营,2024,5,B
山西,太原,有,无,报告未披露统一实时车数,仅共享单车样本城市,2024,5,B
甘肃,兰州,有,试点,2023年互联网租赁电动自行车试点启动,两家企业试点,2023,5;40,A
重庆,重庆,无,有,两江新区投放上限2.5万辆；此前曾达6-7万辆,3家企业按月考核动态调整,2022,5;39,A
山东,青岛,无,有,报告未披露统一实时车数,仅共享电单车样本城市,2024,5,B
湖南,长沙,无,有,报告未披露统一实时车数,仅共享电单车样本城市,2024,5,B
辽宁,大连,无,有,报告未披露统一实时车数,仅共享电单车样本城市,2024,5,B
山东,济南,无,有,当前挂牌单车约12.88万辆；需求约15万辆,一车一牌、总量控制,2026,31,A
广西,南宁,无,有,报告未披露统一实时车数,人民出行等地方品牌较活跃,2024,5;14,B
贵州,贵阳,无,有,报告未披露统一实时车数,地形和接驳需求突出,2024,5,B
浙江,宁波,无,有,喵走等品牌有公开报道；具体车数未统一披露,区域品牌和头部品牌并存,2024-2025,5;15;16,B
江西,南昌,无,有,报告未披露统一实时车数,仅共享电单车样本城市,2024,5,B
内蒙古,呼和浩特,无,有,报告未披露统一实时车数,季节性运营,2024,5,B
宁夏,银川,无,有,整治范围覆盖兴庆、金凤、西夏及周边县区,要求宁A制式专用号牌,2026,5;35,B
西藏,拉萨,无,有,报告未披露统一实时车数,旅游季节性显著,2024,5,B
四川,成都,有,有,报告未披露统一实时车数,新规明确不鼓励大规模发展共享电单车,2024,5;27,A
天津,天津,有,有,报告未披露统一实时车数,两者并存样本城市,2024,5,B
湖北,武汉,有,有,报告未披露统一实时车数,两者并存样本城市,2024,5,B
浙江,杭州,有,有,报告未披露统一实时车数,公共自行车和无桩平台并存,2024,5,B
江苏,南京,有,有,六合、溧水、江宁等区试点,强调准入、退出和适度发展,2024,5;28,A
辽宁,沈阳,有,有,报告未披露统一实时车数,两者并存样本城市,2024,5,B
河南,郑州,有,有,省内政策矩阵显示允许两种业态,公开招标或备案准入,2024,5;33,B
云南,昆明,有,有,报告未披露统一实时车数,两者并存样本城市,2024,5,B
河北,石家庄,有,有,报告未披露统一实时车数,两者并存样本城市,2024,5,B
福建,厦门,有,有,报告未披露统一实时车数,共享电单车受区域准入影响,2024,5,B
安徽,合肥,有,有,报告未披露统一实时车数,两者并存样本城市,2024,5,B
福建,福州,有,有,五城区每年确定总量并季度配额,监管平台和车辆标识码,2025,41,A
江苏,淮安,有,未区分,全市约5.2万辆；市区约4.1万辆；三县约1.1万辆；起步2元/15分钟,蘑菇/美团/青桔/哈啰；调度费和超区费分开,2026,32,A
云南,文山,无,有,城区总量9000辆；6家企业；每家不超过1500辆,哈啰/雷风/三人行/大哈等,2024,37,A
广东,潮州,有,有,曾核定4家企业、3万辆；后续重新核定城区及县区配额,美团/青桔/叮嗒/哈啰,2020-2022,38,A
湖南,怀化,有,有,运营企业总量控制4家；遴选2家入驻,报名企业14家；竞争性磋商,2021,42,A
福建,晋江,无,有,备案公示33家企业/品牌,含青桔/哈啰/美团/喵走/人民出行及地方品牌,2025,36,A
广东,汕尾,无,有,按停车位核定投放总量；每辆车配置2倍停车位,公安定期公布登记上牌存量；企业须明示计费,2025,34,A
江苏,盐城,无,有,方案要求国标车/CCC/定位智能锁/智能安全头盔,建立联合监管和行业自律,2026,44,A
西藏,林芝,无,有,要求总量控制、年度承载评估、动态配额,车辆登记上牌；运营方案含收费和点位底册,2026,35,A
江西,德安,无,有,曾与3家企业签约并限定1000辆等配额,市场监管认定排除限制竞争并要求整改,2023,43,A
福建,石狮,有,有,方案要求统筹企业投放量、区域和退出,建设共享单车数据汇聚平台,2025,45,A
全国,全国,有,有,行业统计超过410个共享单车城市、超过700个共享电单车城市,31个省级行政区；数据为企业报送汇总,2023Q1,2,A
